{"schemaVersion":"1.0","appDefinitionTemplate":{"id":"/providers/PowerApps/apps/","type":"Microsoft.PowerApps/apps","tags":{"primaryDeviceWidth":"1024","primaryDeviceHeight":"768","sienaVersion":"20220824T075305Z-3.22082.8.0","deviceCapabilities":"webcam","supportsPortrait":"false","supportsLandscape":"true","primaryFormFactor":"Tablet","publisherVersion":"3.22082.8","minimumRequiredApiVersion":"2.2.0","hasComponent":"true","hasUnlockedComponent":"true","isUnifiedRootApp":"false"},"properties":{"appVersion":"2022-08-24T07:53:05Z","lifeCycleId":"Published","createdByClientVersion":{"major":3,"minor":22082,"build":8,"revision":0,"majorRevision":0,"minorRevision":0},"minClientVersion":{"major":3,"minor":22082,"build":8,"revision":0,"majorRevision":0,"minorRevision":0},"backgroundColor":"rgba(255, 255, 255, 1)","backgroundImageUri":"/16379194022772724436/Nb0fcef75-2f33-434c-b20f-ebc3a870f4ed-logoSmallFile","displayName":"J&J Med Device - Maintenance, Work Order, HL & Field Tech App","description":"Med Device: Field Tech, Service, Supply Chain Management","commitMessage":"","appUris":{"documentUri":{"value":"/16379194022772724436/Nef9efc31-8016-474f-bf71-883e43e22364-document.msapp"},"imageUris":[],"additionalUris":[]},"createdTime":"0001-01-01T00:00:00Z","lastModifiedTime":"0001-01-01T00:00:00Z","sharedGroupsCount":0,"sharedUsersCount":0,"icons":{"smallIconUri":"/16379194022772724436/N6a984559-ff34-497a-b21d-825ae6ae23c0-small.png","mediumIconUri":"/16379194022772724436/Nd5ae6994-14b5-4042-8556-5d88f464503d-medium.png","largeIconUri":"/16379194022772724436/N0eba9354-2386-405e-8c40-686c305b24a8-large.png","wideIconUri":"/16379194022772724436/N1bc33d9c-f1d7-4693-874d-789450411f86-wide.png"},"connectionReferences":{"78fa1c2b-80f9-477b-a404-d546168b96d1":{"id":"d1364187-7987-4098-96b8-b9af1cca3ddc","displayName":"Office 365 Users","iconUri":"https://connectoricons-prod.azureedge.net/releases/v1.0.1587/1.0.1587.2924/office365users/icon.png","dataSources":["Office365Users"],"dependencies":[],"dependents":[],"parameterHints":{},"parameterHintsV2":{},"isOnPremiseConnection":false,"bypassConsent":false,"dataSets":{},"apiTier":"Standard","isCustomApiConnection":false},"bdce9fc2-5a33-4a10-8d4c-0d22953e43fd":{"id":"581f67f3-4753-4cbf-a0f0-c7f45b36e0b4","displayName":"Office 365 Outlook","iconUri":"https://connectoricons-prod.azureedge.net/releases/v1.0.1591/1.0.1591.2961/office365/icon.png","dataSources":["Office365Outlook"],"dependencies":[],"dependents":[],"parameterHints":{},"parameterHintsV2":{},"isOnPremiseConnection":false,"bypassConsent":false,"dataSets":{},"apiTier":"Standard","isCustomApiConnection":false}},"databaseReferences":{"default.cds":{"databaseDetails":{"referenceType":"Environmental","environmentName":"default.cds","overrideValues":{"status":"NotSpecified"}},"dataSources":{"JJMed":{"entitySetName":"jj_jjmeds","logicalName":"jj_jjmed"},"FileAttachments":{"entitySetName":"fileattachments","logicalName":"fileattachment"}},"actions":["providers/PowerPlatform.Governance/Operations/Read"]}},"almMode":"Environment","performanceOptimizationEnabled":true,"canConsumeAppPass":true,"enableModernRuntimeMode":false,"executionRestrictions":{"isTeamsOnly":false,"dataLossPreventionEvaluationResult":{"status":"Compliant","lastEvaluationDate":"2020-10-23T12:03:24.4581542Z","violationDetails":[]}}},"appType":"ClassicCanvasApp","appComponents":[]}}